EmpID,,,,,,PerfScoreID,,Salary,,PositionID,Position,State,,,Sex,MaritalDesc,CitizenDesc,,DateofHire,DateofHire,TermReason,EmploymentStatus,Department,ManagerName,ManagerID,RecruitmentSource,PerformanceScore,EngagementSurvey,EmpSatisfaction,SpecialProjectsCount,LastPerformanceReview_Date,DaysLateLast30,Absences
10026,,,,,,4,,62506,,19,Production Technician I,MA,,,M ,Single,US Citizen,,7/5/2011,8/5/2011,N/A-StillEmployed,Active,Production       ,Michael Albert,22,LinkedIn,Exceeds,4.6,5,0,1/17/2019,0,1
10084,,,,,,3,,104437,,27,Sr. DBA,MA,,,M ,Married,US Citizen,,3/30/2015,3/30/2016,career change,Voluntarily Terminated,IT/IS,Simon Roup,4,Indeed,Fully Meets,4.96,3,6,2/24/2016,0,17
10196,,,,,,3,,64955,,20,Production Technician II,MA,,,F,Married,US Citizen,,7/5/2011,8/5/2011,hours,Voluntarily Terminated,Production       ,Kissy Sullivan,20,LinkedIn,Fully Meets,3.02,3,0,5/15/2012,0,3
10088,,,,,,3,,64991,,19,Production Technician I,MA,,,F,Married,US Citizen,,1/7/2008,2/7/2008,N/A-StillEmployed,Active,Production       ,Elijiah Gray,16,Indeed,Fully Meets,4.84,5,0,1/3/2019,0,15
10069,,,,,,3,,50825,,19,Production Technician I,MA,,,F,Divorced,US Citizen,,7/11/2011,8/11/2011,return to school,Voluntarily Terminated,Production       ,Webster Butler,39,Google Search,Fully Meets,5,4,0,2/1/2016,0,2
10002,,,,,,4,,57568,,19,Production Technician I,MA,,,F,Single,US Citizen,,1/9/2012,2/9/2012,N/A-StillEmployed,Active,Production       ,Amy Dunn,11,LinkedIn,Exceeds,5,5,0,1/7/2019,0,15
10194,,,,,,3,,95660,,24,Software Engineer,MA,,,F,Single,US Citizen,,11/10/2014,12/10/2014,N/A-StillEmployed,Active,Software Engineering,Alex Sweetwater,10,LinkedIn,Fully Meets,3.04,3,4,1/2/2019,0,19
10062,,,,,,3,,59365,,19,Production Technician I,MA,,,M ,Widowed,US Citizen,,9/30/2013,9/30/2014,N/A-StillEmployed,Active,Production       ,Ketsia Liebig,19,Employee Referral,Fully Meets,5,4,0,2/25/2019,0,19
10114,,,,,,3,,47837,,19,Production Technician I,MA,,,F,Single,US Citizen,,7/6/2009,8/6/2009,N/A-StillEmployed,Active,Production       ,Brannon Miller,12,Diversity Job Fair,Fully Meets,4.46,3,0,1/25/2019,0,4
10250,,,,,,3,,50178,,14,IT Support,MA,,,M ,Divorced,US Citizen,,1/5/2015,2/5/2015,N/A-StillEmployed,Active,IT/IS,Peter Monroe,7,Indeed,Fully Meets,5,5,6,2/18/2019,0,16
10252,,,,,,3,,54670,,19,Production Technician I,MA,,,F,Married,US Citizen,,1/10/2011,2/10/2011,Another position,Voluntarily Terminated,Production       ,David Stanley,14,Diversity Job Fair,Fully Meets,4.2,4,0,1/30/2016,0,12
10242,,,,,,3,,47211,,19,Production Technician I,MA,,,M ,Married,US Citizen,,4/2/2012,5/2/2012,unhappy,Voluntarily Terminated,Production       ,Kissy Sullivan,20,Diversity Job Fair,Fully Meets,4.2,3,0,5/6/2016,0,15
10012,,,,,,4,,92328,,9,Data Analyst,TX,,,M ,Divorced,US Citizen,,11/10/2014,12/10/2014,N/A-StillEmployed,Active,IT/IS,Simon Roup,4,Diversity Job Fair,Exceeds,4.28,4,5,2/25/2019,0,9
10265,,,,,,3,,58709,,19,Production Technician I,MA,,,M ,Single,US Citizen,,2/20/2012,2/20/2013,N/A-StillEmployed,Active,Production       ,Kelley Spirea,18,Google Search,Fully Meets,4.6,4,0,2/14/2019,0,7
10066,,,,,,3,,52505,,19,Production Technician I,MA,,,M ,Divorced,US Citizen,,9/24/2012,9/24/2013,Another position,Voluntarily Terminated,Production       ,Michael Albert,22,On-line Web application,Fully Meets,5,5,0,3/2/2017,0,1
10061,,,,,,3,,57834,,19,Production Technician I,MA,,,M ,Single,US Citizen,,2/21/2011,2/21/2012,attendance,Terminated for Cause,Production       ,Kelley Spirea,18,Google Search,Fully Meets,5,4,0,4/5/2017,0,20
10023,,,,,,4,,70131,,20,Production Technician II,MA,,,F,Married,US Citizen,,7/21/2016,7/21/2017,N/A-StillEmployed,Active,Production       ,Kelley Spirea,18,Employee Referral,Exceeds,4.4,3,0,1/14/2019,0,16
10055,,,,,,3,,59026,,19,Production Technician I,MA,,,F,Single,Eligible NonCitizen,,4/4/2011,5/4/2011,N/A-StillEmployed,Active,Production       ,Elijiah Gray,16,Google Search,Fully Meets,5,5,0,1/14/2019,0,12
10245,,,,,,3,,110000,,8,Database Administrator,MA,,,F,Single,US Citizen,,7/7/2014,8/7/2014,performance,Terminated for Cause,IT/IS,Simon Roup,4,Google Search,Fully Meets,4.5,4,5,1/15/2015,0,8
10277,,,,,,3,,53250,,19,Production Technician I,MA,,,M ,Single,US Citizen,,7/8/2013,8/8/2013,N/A-StillEmployed,Active,Production       ,Webster Butler,,LinkedIn,Fully Meets,4.2,4,0,1/11/2019,0,13
10046,,,,,,3,,51044,,19,Production Technician I,MA,,,M ,Single,US Citizen,,4/2/2012,5/2/2012,N/A-StillEmployed,Active,Production       ,Amy Dunn,11,Google Search,Fully Meets,5,3,0,1/14/2019,0,13
10226,,,,,,3,,64919,,19,Production Technician I,MA,,,F,Divorced,US Citizen,,8/19/2013,8/19/2014,N/A-StillEmployed,Active,Production       ,Ketsia Liebig,19,Indeed,Fully Meets,4.2,3,0,1/10/2019,0,2
10003,,,,,,4,,62910,,19,Production Technician I,MA,,,F,Married,US Citizen,,7/7/2014,8/7/2014,N/A-StillEmployed,Active,Production       ,Brannon Miller,12,Indeed,Exceeds,5,3,0,2/27/2019,0,19
10294,,,,,,2,,66441,,20,Production Technician II,MA,,,F,Single,US Citizen,,4/4/2011,5/4/2011,N/A-StillEmployed,Active,Production       ,Michael Albert,22,CareerBuilder,Needs Improvement,2,3,0,2/27/2019,2,3
10267,,,,,,3,,57815,,20,Production Technician II,MA,,,F,Single,US Citizen,,1/10/2011,2/10/2011,career change,Voluntarily Terminated,Production       ,Elijiah Gray,16,Google Search,Fully Meets,4.8,5,0,3/4/2014,0,5
10199,,,,,,3,,103613,,30,Enterprise Architect,CT,,,M ,Single,US Citizen,,2/17/2014,2/17/2015,Learned that he is a gangster,Terminated for Cause,IT/IS,Simon Roup,4,LinkedIn,Fully Meets,3.5,5,7,1/10/2016,0,2
10081,,,,,,3,,106367,,26,Sr. Accountant,MA,,,F,Married,US Citizen,,2/16/2015,2/16/2016,N/A-StillEmployed,Active,Admin Offices,Brandon R. LeBlanc,3,Diversity Job Fair,Fully Meets,5,4,3,2/18/2019,0,4
10175,,,,,,3,,74312,,18,Production Manager,MA,,,M ,Single,US Citizen,,9/30/2013,9/30/2014,retiring,Voluntarily Terminated,Production       ,Janet King,2,Indeed,Fully Meets,3.39,3,0,2/20/2014,0,14
10177,,,,,,3,,53492,,19,Production Technician I,MA,,,F,Married,US Citizen,,4/2/2012,5/2/2012,Another position,Voluntarily Terminated,Production       ,David Stanley,14,Google Search,Fully Meets,3.35,4,0,3/4/2013,0,6
10238,,,,,,3,,63000,,1,Accountant I,MA,,,F,Married,US Citizen,,10/27/2008,10/27/2009,N/A-StillEmployed,Active,Admin Offices,Brandon R. LeBlanc,1,Diversity Job Fair,Fully Meets,4.5,2,6,1/15/2019,0,14
10184,,,,,,3,,65288,,20,Production Technician II,MA,,,M ,Single,US Citizen,,9/29/2014,9/29/2015,N/A-StillEmployed,Active,Production       ,Webster Butler,,Google Search,Fully Meets,3.19,3,0,2/1/2019,0,9
10203,,,,,,3,,64375,,19,Production Technician I,MA,,,F,Separated,US Citizen,,11/11/2013,12/11/2013,N/A-StillEmployed,Active,Production       ,Kissy Sullivan,20,Diversity Job Fair,Fully Meets,3.5,5,0,1/21/2019,0,17
10188,,,,,,3,,74326,,3,Area Sales Manager,VA,,,F,Married,Eligible NonCitizen,,8/15/2011,8/15/2012,Another position,Voluntarily Terminated,Sales,John Smith,17,Google Search,Fully Meets,3.14,5,0,2/10/2013,1,19
10107,,,,,,3,,63763,,20,Production Technician II,MA,,,F,Single,US Citizen,,3/5/2012,4/5/2012,N/A-StillEmployed,Active,Production       ,Amy Dunn,11,Employee Referral,Fully Meets,4.51,4,0,2/21/2019,0,3
10181,,,,,,3,,62162,,20,Production Technician II,MA,,,M ,Married,US Citizen,,4/4/2011,5/4/2011,N/A-StillEmployed,Active,Production       ,Ketsia Liebig,19,Indeed,Fully Meets,3.25,5,0,1/14/2019,0,15
10150,,,,,,3,,77692,,25,Software Engineering Manager,MA,,,M ,Single,US Citizen,,8/15/2011,8/15/2012,N/A-StillEmployed,Active,Software Engineering,Jennifer Zamora,5,Google Search,Fully Meets,3.84,3,5,1/21/2019,0,4
10001,,,,,,4,,72640,,18,Production Manager,MA,,,M ,Single,US Citizen,,1/28/2016,1/28/2017,N/A-StillEmployed,Active,Production       ,Janet King,2,Indeed,Exceeds,5,3,0,2/22/2019,0,14
10085,,,,,,3,,93396,,24,Software Engineer,MA,,,F,Single,US Citizen,,11/11/2013,12/11/2013,N/A-StillEmployed,Active,Software Engineering,Alex Sweetwater,10,Indeed,Fully Meets,4.96,4,6,1/30/2019,0,3
10115,,,,,,3,,52846,,19,Production Technician I,MA,,,M ,Single,US Citizen,,3/31/2014,3/31/2015,N/A-StillEmployed,Active,Production       ,Kelley Spirea,18,LinkedIn,Fully Meets,4.43,3,0,2/1/2019,0,14
10082,,,,,,3,,100031,,27,Sr. DBA,MA,,,F,Single,US Citizen,,6/30/2016,6/30/2017,N/A-StillEmployed,Active,IT/IS,Simon Roup,4,LinkedIn,Fully Meets,5,5,6,2/18/2019,0,7
10040,,,,,,3,,71860,,3,Area Sales Manager,VT,,,F,Single,US Citizen,,8/18/2014,8/18/2015,N/A-StillEmployed,Active,Sales,John Smith,17,Indeed,Fully Meets,5,5,0,1/21/2019,0,7
10067,,,,,,3,,61656,,19,Production Technician I,MA,,,F,Single,US Citizen,,9/29/2014,9/29/2015,N/A-StillEmployed,Active,Production       ,Michael Albert,22,Google Search,Fully Meets,5,4,0,2/12/2019,0,11
10108,,,,,,3,,110929,,5,BI Director,MA,,,M ,Married,US Citizen,,9/6/2016,10/6/2016,N/A-StillEmployed,Active,IT/IS,Jennifer Zamora,5,Indeed,Fully Meets,4.5,5,7,1/15/2019,0,8
10210,,,,,,3,,54237,,19,Production Technician I,MA,,,F,Single,US Citizen,,5/12/2014,6/12/2014,N/A-StillEmployed,Active,Production       ,Elijiah Gray,16,Indeed,Fully Meets,3.3,4,0,2/19/2019,0,11
10154,,,,,,3,,60380,,19,Production Technician I,MA,,,M ,Single,US Citizen,,7/8/2013,8/8/2013,N/A-StillEmployed,Active,Production       ,Webster Butler,,LinkedIn,Fully Meets,3.8,5,0,1/14/2019,0,4
10200,,,,,,3,,66808,,3,Area Sales Manager,TX,,,M ,Single,Eligible NonCitizen,,5/14/2012,5/14/2013,N/A-StillEmployed,Active,Sales,Lynn Daneault,21,Employee Referral,Fully Meets,3,5,0,1/19/2019,0,17
10240,,,,,,3,,64786,,19,Production Technician I,MA,,,F,Single,US Citizen,,6/27/2011,6/27/2012,relocation out of area,Voluntarily Terminated,Production       ,Amy Dunn,11,Indeed,Fully Meets,4.3,4,0,3/10/2015,0,3
10168,,,,,,3,,64816,,19,Production Technician I,MA,,,F,Single,Non-Citizen,,10/3/2011,11/3/2011,N/A-StillEmployed,Active,Production       ,Ketsia Liebig,19,Indeed,Fully Meets,3.58,5,0,1/30/2019,0,3
10220,,,,,,3,,68678,,14,IT Support,MA,,,M ,Single,US Citizen,,9/5/2012,10/5/2012,N/A-StillEmployed,Active,IT/IS,Eric Dougall,6,Indeed,Fully Meets,4.7,3,6,2/27/2019,0,2
10275,,,,,,3,,64066,,20,Production Technician II,MA,,,F,Married,US Citizen,,5/16/2011,5/16/2012,unhappy,Voluntarily Terminated,Production       ,Brannon Miller,12,Google Search,Fully Meets,4.2,5,0,5/3/2012,0,9
10269,,,,,,3,,59369,,20,Production Technician II,MA,,,M ,Married,US Citizen,,8/30/2010,8/30/2011,career change,Voluntarily Terminated,Production       ,David Stanley,14,Indeed,Fully Meets,4.2,4,0,5/4/2011,0,6
10029,,,,,,4,,50373,,19,Production Technician I,MA,,,M ,Married,US Citizen,,7/6/2016,8/6/2016,N/A-StillEmployed,Active,Production       ,Brannon Miller,12,Employee Referral,Exceeds,4.1,4,0,2/28/2019,0,5
10261,,,,,,3,,63108,,19,Production Technician I,MA,,,M ,Single,US Citizen,,7/8/2013,8/8/2013,N/A-StillEmployed,Active,Production       ,David Stanley,14,Employee Referral,Fully Meets,4.4,5,0,1/14/2019,0,3
10292,,,,,,2,,59144,,19,Production Technician I,MA,,,M ,Single,US Citizen,,7/11/2011,8/11/2011,performance,Terminated for Cause,Production       ,Kissy Sullivan,20,LinkedIn,Needs Improvement,2,3,0,5/1/2016,5,16
10282,,,,,,2,,68051,,18,Production Manager,MA,,,M ,Divorced,US Citizen,,7/20/2010,7/20/2011,N/A-StillEmployed,Active,Production       ,Janet King,2,CareerBuilder,Needs Improvement,4.13,2,0,1/14/2019,3,3
10019,,,,,,4,,170500,,10,Director of Operations,MA,,,M ,Single,US Citizen,,1/5/2009,2/5/2009,N/A-StillEmployed,Active,Production       ,Janet King,2,Indeed,Exceeds,3.7,5,0,2/4/2019,0,15
10094,,,,,,3,,63381,,19,Production Technician I,MA,,,F,Married,US Citizen,,1/5/2015,2/5/2015,N/A-StillEmployed,Active,Production       ,Kelley Spirea,18,Indeed,Fully Meets,4.73,5,0,2/14/2019,0,6
10193,,,,,,3,,83552,,9,Data Analyst,MA,,,M ,Married,US Citizen,,3/30/2015,3/30/2016,N/A-StillEmployed,Active,IT/IS,Simon Roup,4,Indeed,Fully Meets,3.04,3,6,1/22/2019,0,2
10132,,,,,,3,,56149,,19,Production Technician I,MA,,,F,Single,US Citizen,,7/6/2016,8/6/2016,N/A-StillEmployed,Active,Production       ,Michael Albert,22,LinkedIn,Fully Meets,4.12,5,0,1/28/2019,0,15
10083,,,,,,3,,92329,,28,Sr. Network Engineer,CT,,,M ,Single,US Citizen,,11/10/2014,12/10/2014,N/A-StillEmployed,Active,IT/IS,Peter Monroe,7,Employee Referral,Fully Meets,5,3,4,1/2/2019,0,5
10099,,,,,,3,,65729,,21,Sales Manager,VT,,,F,Single,US Citizen,,5/5/2014,6/5/2014,N/A-StillEmployed,Active,Sales,Debra Houlihan,15,Indeed,Fully Meets,4.62,4,0,1/24/2019,0,8
10212,,,,,,3,,85028,,28,Sr. Network Engineer,CT,,,F,Married,US Citizen,,11/10/2014,12/10/2014,N/A-StillEmployed,Active,IT/IS,Peter Monroe,7,LinkedIn,Fully Meets,3.1,5,8,2/12/2019,0,19
10056,,,,,,3,,57583,,19,Production Technician I,MA,,,F,Married,US Citizen,,7/2/2012,8/2/2012,N/A-StillEmployed,Active,Production       ,Elijiah Gray,16,Indeed,Fully Meets,5,3,0,2/25/2019,0,1
10143,,,,,,3,,56294,,20,Production Technician II,MA,,,M ,Single,Eligible NonCitizen,,11/7/2011,12/7/2011,N/A-StillEmployed,Active,Production       ,Kissy Sullivan,20,LinkedIn,Fully Meets,3.96,4,0,2/27/2019,0,6
10311,,,,,,1,,56991,,19,Production Technician I,MA,,,M ,Married,US Citizen,,7/9/2018,8/9/2018,N/A-StillEmployed,Active,Production       ,Brannon Miller,12,Indeed,Fully Meets,4.3,4,3,1/31/2019,2,2
10070,,,,,,3,,55722,,19,Production Technician I,MA,,,M ,Married,US Citizen,,5/16/2011,5/16/2012,unhappy,Voluntarily Terminated,Production       ,Webster Butler,39,Indeed,Fully Meets,5,4,0,4/2/2016,0,14
10155,,,,,,3,,101199,,24,Software Engineer,MA,,,F,Single,US Citizen,,1/9/2012,2/9/2012,N/A-StillEmployed,Active,Software Engineering,Alex Sweetwater,10,CareerBuilder,Fully Meets,3.79,5,5,1/25/2019,0,8
10306,,,,,,1,,61568,,3,Area Sales Manager,AL,,,M ,Single,US Citizen,,9/29/2014,9/29/2015,N/A-StillEmployed,Active,Sales,John Smith,17,Indeed,PIP,1.93,3,0,1/30/2019,6,5
10100,,,,,,3,,58275,,20,Production Technician II,MA,,,F,Separated,US Citizen,,4/4/2011,5/4/2011,more money,Voluntarily Terminated,Production       ,Kelley Spirea,18,Google Search,Fully Meets,4.62,5,0,5/6/2015,0,1
10310,,,,,,1,,53189,,19,Production Technician I,MA,,,M ,Married,US Citizen,,7/7/2014,8/7/2014,N/A-StillEmployed,Active,Production       ,Amy Dunn,11,Indeed,PIP,1.12,2,0,1/31/2019,4,9
10197,,,,,,3,,96820,,4,BI Developer,MA,,,M ,Single,US Citizen,,2/15/2017,2/15/2018,N/A-StillEmployed,Active,IT/IS,Brian Champaigne,13,Indeed,Fully Meets,3.01,5,7,1/23/2019,0,15
10276,,,,,,3,,51259,,19,Production Technician I,MA,,,M ,Single,US Citizen,,5/12/2014,6/12/2014,N/A-StillEmployed,Active,Production       ,Ketsia Liebig,19,Indeed,Fully Meets,4.3,4,0,2/19/2019,0,1
10304,,,,,,1,,59231,,3,Area Sales Manager,WA,,,F,Single,US Citizen,,2/20/2012,2/20/2013,N/A-StillEmployed,Active,Sales,John Smith,17,Website,PIP,2.3,1,0,1/29/2019,2,17
10284,,,,,,2,,61584,,19,Production Technician I,MA,,,F,Married,US Citizen,,1/7/2013,2/7/2013,N/A-StillEmployed,Active,Production       ,Brannon Miller,12,Indeed,Needs Improvement,3.88,4,0,1/18/2019,0,6
10207,,,,,,3,,46335,,19,Production Technician I,MA,,,F,Single,US Citizen,,4/2/2012,5/2/2012,N/A-StillEmployed,Active,Production       ,David Stanley,14,CareerBuilder,Fully Meets,3.4,5,0,2/19/2019,0,15
10133,,,,,,3,,70621,,14,IT Support,MA,,,F,Married,US Citizen,,1/5/2015,2/5/2015,N/A-StillEmployed,Active,IT/IS,Peter Monroe,7,Employee Referral,Fully Meets,4.11,4,6,2/25/2019,0,16
10028,,,,,,4,,138888,,13,IT Manager - Support,MA,,,M ,Single,US Citizen,,1/5/2014,2/5/2014,N/A-StillEmployed,Active,IT/IS,Jennifer Zamora,5,Indeed,Exceeds,4.3,5,5,1/4/2019,0,4
10006,,,,,,4,,74241,,3,Area Sales Manager,CA,,,F,Single,US Citizen,,1/10/2011,2/10/2011,N/A-StillEmployed,Active,Sales,Lynn Daneault,21,Indeed,Exceeds,4.77,5,0,1/27/2019,0,14
10105,,,,,,3,,75188,,18,Production Manager,MA,,,F,Single,US Citizen,,9/18/2014,9/18/2015,N/A-StillEmployed,Active,Production       ,Janet King,2,Google Search,Fully Meets,4.52,4,0,1/15/2019,0,4
10211,,,,,,3,,62514,,19,Production Technician I,MA,,,F,Married,US Citizen,,4/26/2010,4/26/2011,N/A-StillEmployed,Active,Production       ,Ketsia Liebig,19,Google Search,Fully Meets,2.9,3,0,1/21/2019,0,6
10064,,,,,,3,,60070,,19,Production Technician I,MA,,,F,Married,US Citizen,,4/4/2011,5/4/2011,military,Voluntarily Terminated,Production       ,Kissy Sullivan,20,Google Search,Fully Meets,5,3,0,4/9/2017,0,7
10247,,,,,,3,,48888,,19,Production Technician I,MA,,,M ,Single,US Citizen,,11/10/2014,12/10/2014,N/A-StillEmployed,Active,Production       ,Kelley Spirea,18,LinkedIn,Fully Meets,4.7,5,0,2/13/2019,0,8
10235,,,,,,3,,54285,,19,Production Technician I,MA,,,M ,Married,US Citizen,,3/31/2014,3/31/2015,N/A-StillEmployed,Active,Production       ,Kelley Spirea,18,Employee Referral,Fully Meets,4.2,3,0,1/11/2019,0,3
10299,,,,,,1,,56847,,20,Production Technician II,MA,,,F,Separated,US Citizen,,7/7/2014,8/7/2014,N/A-StillEmployed,Active,Production       ,Michael Albert,22,Indeed,PIP,3,1,0,2/25/2019,2,5
10280,,,,,,2,,60340,,19,Production Technician I,MA,,,M ,Single,US Citizen,,4/2/2012,5/2/2012,attendance,Terminated for Cause,Production       ,Michael Albert,22,Google Search,Needs Improvement,5,4,0,4/12/2018,5,16
10296,,,,,,2,,59124,,19,Production Technician I,MA,,,F,Single,US Citizen,,2/17/2014,2/17/2015,"no-call, no-show",Terminated for Cause,Production       ,Elijiah Gray,16,Google Search,Needs Improvement,2.3,3,0,1/15/2017,5,19
10290,,,,,,2,,99280,,24,Software Engineer,MA,,,F,Married,US Citizen,,5/2/2011,6/2/2011,attendance,Terminated for Cause,Software Engineering,Alex Sweetwater,10,Indeed,Needs Improvement,2.1,5,4,8/10/2012,4,19
10263,,,,,,3,,71776,,20,Production Technician II,MA,,,F,Married,US Citizen,,7/7/2014,8/7/2014,N/A-StillEmployed,Active,Production       ,Elijiah Gray,16,LinkedIn,Fully Meets,4.4,5,0,2/22/2019,0,17
10136,,,,,,3,,65902,,20,Production Technician II,MA,,,F,Single,US Citizen,,2/17/2014,2/17/2015,N/A-StillEmployed,Active,Production       ,Webster Butler,,LinkedIn,Fully Meets,4,4,0,1/7/2019,0,7
10189,,,,,,3,,57748,,19,Production Technician I,MA,,,F,Married,US Citizen,,11/7/2011,12/7/2011,military,Voluntarily Terminated,Production       ,Webster Butler,39,Google Search,Fully Meets,3.13,3,0,2/4/2016,0,16
10308,,,,,,1,,64057,,19,Production Technician I,MA,,,M ,Married,US Citizen,,5/11/2015,6/11/2015,N/A-StillEmployed,Active,Production       ,Amy Dunn,11,Indeed,PIP,1.56,5,0,1/3/2019,6,15
10309,,,,,,1,,53366,,15,Network Engineer,MA,,,M ,Single,US Citizen,,3/30/2015,3/30/2016,N/A-StillEmployed,Active,IT/IS,Peter Monroe,7,LinkedIn,PIP,1.2,3,6,2/4/2019,3,2
10049,,,,,,3,,58530,,19,Production Technician I,MA,,,F,Married,US Citizen,,1/9/2012,2/9/2012,N/A-StillEmployed,Active,Production       ,Brannon Miller,12,Google Search,Fully Meets,5,5,0,1/29/2019,0,19
10093,,,,,,3,,72609,,20,Production Technician II,MA,,,M ,Single,US Citizen,,5/16/2011,5/16/2012,hours,Voluntarily Terminated,Production       ,Amy Dunn,11,Google Search,Fully Meets,4.76,5,0,4/5/2013,0,20
10163,,,,,,3,,55965,,20,Production Technician II,MA,,,F,Married,US Citizen,,4/4/2011,5/4/2011,career change,Voluntarily Terminated,Production       ,Ketsia Liebig,19,Google Search,Fully Meets,3.66,3,0,1/7/2012,0,6
10305,,,,,,3,,70187,,3,Area Sales Manager,MA,,,M ,Married,US Citizen,,9/29/2014,9/29/2015,Fatal attraction,Terminated for Cause,Sales,Lynn Daneault,21,Employee Referral,PIP,2,5,0,1/28/2019,4,7
10015,,,,,,4,,178000,,12,IT Director,MA,,,M ,Single,US Citizen,,4/15/2011,4/15/2012,N/A-StillEmployed,Active,IT/IS,Jennifer Zamora,5,Indeed,Exceeds,5,5,5,1/7/2019,0,15
10080,,,,,,3,,99351,,26,Sr. Accountant,MA,,,F,Married,US Citizen,,1/5/2009,2/5/2009,N/A-StillEmployed,Active,Admin Offices,Board of Directors,9,Other,Fully Meets,5,3,2,2/8/2019,0,3
10258,,,,,,3,,67251,,3,Area Sales Manager,CT,,,M ,Single,US Citizen,,9/6/2011,10/6/2011,N/A-StillEmployed,Active,Sales,Lynn Daneault,21,CareerBuilder,Fully Meets,4.3,3,0,1/27/2019,2,7
10273,,,,,,3,,65707,,14,IT Support,CT,,,F,Single,US Citizen,,5/1/2010,6/1/2010,N/A-StillEmployed,Active,IT/IS,Eric Dougall,6,LinkedIn,Fully Meets,4.7,4,5,2/1/2019,0,1
10111,,,,,,3,,52249,,19,Production Technician I,MA,,,M ,Single,US Citizen,,3/30/2015,3/30/2016,N/A-StillEmployed,Active,Production       ,David Stanley,14,Employee Referral,Fully Meets,4.5,3,0,2/18/2019,0,5
10257,,,,,,3,,53171,,19,Production Technician I,MA,,,F,Single,US Citizen,,5/16/2011,5/16/2012,N/A-StillEmployed,Active,Production       ,Kelley Spirea,18,LinkedIn,Fully Meets,4.2,4,0,2/26/2019,0,12
10159,,,,,,3,,51337,,19,Production Technician I,MA,,,F,Married,US Citizen,,3/30/2015,3/30/2016,N/A-StillEmployed,Active,Production       ,Michael Albert,22,LinkedIn,Fully Meets,3.73,3,0,1/16/2019,0,19
10122,,,,,,3,,51505,,19,Production Technician I,MA,,,F,Divorced,US Citizen,,11/7/2011,12/7/2011,hours,Voluntarily Terminated,Production       ,Elijiah Gray,16,Diversity Job Fair,Fully Meets,4.24,4,0,4/29/2016,0,2
10142,,,,,,3,,59370,,3,Area Sales Manager,OH,,,F,Widowed,US Citizen,,7/7/2014,8/7/2014,attendance,Terminated for Cause,Sales,John Smith,17,CareerBuilder,Fully Meets,3.97,4,0,1/15/2014,0,7
10283,,,,,,2,,54933,,19,Production Technician I,MA,,,M ,Married,US Citizen,,4/2/2012,5/2/2012,military,Voluntarily Terminated,Production       ,Webster Butler,39,Diversity Job Fair,Needs Improvement,3.97,4,0,1/20/2015,3,15
10018,,,,,,4,,57815,,19,Production Technician I,MA,,,F,Single,US Citizen,,9/29/2014,9/29/2015,N/A-StillEmployed,Active,Production       ,Amy Dunn,11,Indeed,Exceeds,3.9,4,0,2/7/2019,0,3
10255,,,,,,3,,61555,,3,Area Sales Manager,IN,,,F,Single,US Citizen,,2/16/2015,2/16/2016,N/A-StillEmployed,Active,Sales,Lynn Daneault,21,Indeed,Fully Meets,4.5,5,0,1/25/2019,0,20
10246,,,,,,3,,114800,,8,Database Administrator,MA,,,F,Single,US Citizen,,2/16/2015,2/16/2016,"no-call, no-show",Terminated for Cause,IT/IS,Simon Roup,4,Indeed,Fully Meets,4.6,4,4,1/20/2015,0,10
10228,,,,,,3,,74679,,14,IT Support,MA,,,M ,Married,US Citizen,,3/30/2015,3/30/2016,N/A-StillEmployed,Active,IT/IS,Peter Monroe,7,LinkedIn,Fully Meets,4.3,5,7,1/10/2019,0,20
10243,,,,,,3,,53018,,19,Production Technician I,MA,,,F,Single,US Citizen,,11/11/2013,12/11/2013,N/A-StillEmployed,Active,Production       ,Ketsia Liebig,19,Indeed,Fully Meets,4.3,5,0,2/18/2019,0,7
10031,,,,,,4,,59892,,19,Production Technician I,MA,,,M ,Divorced,US Citizen,,7/11/2011,8/11/2011,N/A-StillEmployed,Active,Production       ,Brannon Miller,12,Diversity Job Fair,Exceeds,4.5,4,0,2/18/2019,0,1
10300,,,,,,1,,68898,,20,Production Technician II,MA,,,M ,Married,US Citizen,,4/26/2010,4/26/2011,career change,Voluntarily Terminated,Production       ,Brannon Miller,12,Diversity Job Fair,PIP,3,3,0,3/6/2011,3,10
10101,,,,,,3,,61242,,14,IT Support,MA,,,F,Separated,US Citizen,,1/5/2015,2/5/2015,N/A-StillEmployed,Active,IT/IS,Peter Monroe,7,Employee Referral,Fully Meets,4.61,4,5,1/28/2019,0,11
10237,,,,,,3,,66825,,20,Production Technician II,MA,,,F,Married,US Citizen,,5/12/2014,6/12/2014,N/A-StillEmployed,Active,Production       ,David Stanley,14,LinkedIn,Fully Meets,4.6,3,0,2/7/2019,0,20
10051,,,,,,3,,48285,,19,Production Technician I,MA,,,M ,Married,US Citizen,,7/2/2012,8/2/2012,N/A-StillEmployed,Active,Production       ,David Stanley,14,LinkedIn,Fully Meets,5,3,0,1/14/2019,0,2
10218,,,,,,3,,66149,,20,Production Technician II,MA,,,F,Separated,US Citizen,,9/30/2013,9/30/2014,N/A-StillEmployed,Active,Production       ,Kissy Sullivan,20,Google Search,Fully Meets,4.4,5,0,2/21/2019,0,1
10256,,,,,,3,,49256,,19,Production Technician I,MA,,,F,Married,US Citizen,,8/19/2013,8/19/2014,N/A-StillEmployed,Active,Production       ,Kissy Sullivan,20,LinkedIn,Fully Meets,4.1,5,0,2/15/2019,0,3
10098,,,,,,3,,62957,,18,Production Manager,MA,,,M ,Divorced,US Citizen,,6/2/2015,7/2/2015,N/A-StillEmployed,Active,Production       ,Janet King,2,Employee Referral,Fully Meets,4.63,3,0,1/4/2019,0,2
10059,,,,,,3,,63813,,19,Production Technician I,MA,,,F,Divorced,US Citizen,,2/21/2011,2/21/2012,more money,Voluntarily Terminated,Production       ,Kelley Spirea,18,CareerBuilder,Fully Meets,5,5,0,6/3/2013,0,17
10234,,,,,,3,,99020,,4,BI Developer,MA,,,M ,Married,US Citizen,,4/20/2017,4/20/2018,N/A-StillEmployed,Active,IT/IS,Brian Champaigne,13,Indeed,Fully Meets,4.2,5,5,1/28/2019,0,8
10109,,,,,,3,,71707,,3,Area Sales Manager,TN,,,M ,Single,US Citizen,,3/7/2012,4/7/2012,relocation out of area,Voluntarily Terminated,Sales,John Smith,17,LinkedIn,Fully Meets,4.5,5,0,2/1/2013,0,20
10125,,,,,,3,,54828,,19,Production Technician I,MA,,,F,Married,US Citizen,,11/28/2011,11/28/2012,N/A-StillEmployed,Active,Production       ,Michael Albert,22,Google Search,Fully Meets,4.2,4,0,2/22/2019,0,13
10074,,,,,,3,,64246,,20,Production Technician II,MA,,,M ,Single,US Citizen,,11/11/2013,12/11/2013,N/A-StillEmployed,Active,Production       ,Kelley Spirea,18,LinkedIn,Fully Meets,5,3,0,1/8/2019,0,20
10097,,,,,,3,,52177,,19,Production Technician I,MA,,,F,Single,US Citizen,,1/9/2012,2/9/2012,retiring,Voluntarily Terminated,Production       ,Webster Butler,39,CareerBuilder,Fully Meets,4.64,4,0,5/2/2015,0,8
10007,,,,,,4,,62065,,19,Production Technician I,MA,,,F,Married,US Citizen,,5/12/2014,6/12/2014,N/A-StillEmployed,Active,Production       ,Amy Dunn,11,CareerBuilder,Exceeds,4.76,4,0,2/15/2019,0,5
10129,,,,,,3,,46998,,19,Production Technician I,MA,,,M ,Single,US Citizen,,8/13/2012,8/13/2013,N/A-StillEmployed,Active,Production       ,Ketsia Liebig,19,Google Search,Fully Meets,4.17,4,0,2/11/2019,0,1
10075,,,,,,3,,68099,,20,Production Technician II,MA,,,F,Single,US Citizen,,1/10/2011,2/10/2011,hours,Voluntarily Terminated,Production       ,Kelley Spirea,18,CareerBuilder,Fully Meets,5,3,0,1/30/2013,0,15
10167,,,,,,3,,70545,,3,Area Sales Manager,NH,,,M ,Married,US Citizen,,8/18/2014,8/18/2015,N/A-StillEmployed,Active,Sales,John Smith,17,Indeed,Fully Meets,3.6,5,0,1/30/2019,0,9
10195,,,,,,3,,63478,,20,Production Technician II,MA,,,F,Married,Non-Citizen,,8/15/2011,8/15/2012,relocation out of area,Voluntarily Terminated,Production       ,Michael Albert,30,Indeed,Fully Meets,3.03,5,0,3/5/2012,0,16
10112,,,,,,3,,97999,,8,Database Administrator,MA,,,F,Single,US Citizen,,3/30/2015,3/30/2016,N/A-StillEmployed,Active,IT/IS,Simon Roup,4,Indeed,Fully Meets,4.48,5,6,1/3/2019,0,4
10272,,,,,,3,,180000,,11,Director of Sales,RI,,,F,Married,US Citizen,,5/5/2014,6/5/2014,N/A-StillEmployed,Active,Sales,Janet King,2,LinkedIn,Fully Meets,4.5,4,0,1/21/2019,0,19
10182,,,,,,3,,49920,,2,Administrative Assistant,MA,,,F,Married,US Citizen,,2/16/2015,2/16/2016,"no-call, no-show",Terminated for Cause,Admin Offices,Brandon R. LeBlanc,1,Indeed,Fully Meets,3.24,3,4,4/15/2015,0,6
10248,,,,,,3,,55425,,19,Production Technician I,MA,,,F,Single,US Citizen,,2/20/2012,2/20/2013,N/A-StillEmployed,Active,Production       ,Ketsia Liebig,19,LinkedIn,Fully Meets,4.8,4,0,1/7/2019,0,4
10201,,,,,,3,,69340,,20,Production Technician II,MA,,,F,Single,US Citizen,,6/6/2016,7/6/2016,N/A-StillEmployed,Active,Production       ,Elijiah Gray,16,LinkedIn,Fully Meets,3,5,0,1/18/2019,0,4
10214,,,,,,3,,64995,,20,Production Technician II,MA,,,F,Separated,US Citizen,,6/5/2015,7/5/2015,N/A-StillEmployed,Active,Production       ,Webster Butler,,Indeed,Fully Meets,4.5,3,0,2/14/2019,0,6
10160,,,,,,3,,68182,,20,Production Technician II,MA,,,F,Divorced,US Citizen,,2/21/2011,2/21/2012,unhappy,Voluntarily Terminated,Production       ,Amy Dunn,11,Google Search,Fully Meets,3.72,3,0,2/1/2013,0,18
10289,,,,,,2,,83082,,18,Production Manager,MA,,,M ,Married,US Citizen,,2/21/2011,2/21/2012,unhappy,Voluntarily Terminated,Production       ,Janet King,2,Indeed,Needs Improvement,2.34,2,0,4/12/2012,3,4
10139,,,,,,3,,51908,,19,Production Technician I,MA,,,F,Single,US Citizen,,8/19/2013,8/19/2014,N/A-StillEmployed,Active,Production       ,Brannon Miller,12,Indeed,Fully Meets,3.99,3,0,1/14/2019,0,14
10227,,,,,,3,,61242,,19,Production Technician I,MA,,,F,Single,US Citizen,,11/5/2012,12/5/2012,N/A-StillEmployed,Active,Production       ,David Stanley,14,LinkedIn,Fully Meets,4.1,3,0,1/17/2019,0,7
10236,,,,,,3,,45069,,19,Production Technician I,MA,,,F,Divorced,US Citizen,,9/30/2013,9/30/2014,N/A-StillEmployed,Active,Production       ,Kissy Sullivan,20,Employee Referral,Fully Meets,4.3,5,0,2/22/2019,0,7
10009,,,,,,4,,60724,,20,Production Technician II,MA,,,F,Divorced,US Citizen,,7/5/2011,8/5/2011,N/A-StillEmployed,Active,Production       ,Ketsia Liebig,19,LinkedIn,Exceeds,4.6,4,0,2/25/2019,0,11
10060,,,,,,3,,60436,,19,Production Technician I,MA,,,F,Separated,US Citizen,,1/6/2014,2/6/2014,N/A-StillEmployed,Active,Production       ,Kelley Spirea,18,LinkedIn,Fully Meets,5,5,0,1/21/2019,0,9
10034,,,,,,4,,46837,,19,Production Technician I,MA,,,M ,Married,US Citizen,,11/7/2011,12/7/2011,more money,Voluntarily Terminated,Production       ,Michael Albert,22,CareerBuilder,Exceeds,4.7,4,0,2/14/2018,0,9
10156,,,,,,3,,105700,,8,Database Administrator,MA,,,F,Married,US Citizen,,1/5/2015,2/5/2015,N/A-StillEmployed,Active,IT/IS,Simon Roup,4,Indeed,Fully Meets,3.75,3,5,2/11/2019,0,2
10036,,,,,,4,,63322,,20,Production Technician II,MA,,,F,Single,US Citizen,,7/7/2014,8/7/2014,N/A-StillEmployed,Active,Production       ,Brannon Miller,12,LinkedIn,Exceeds,4.3,3,0,1/11/2019,0,1
10138,,,,,,3,,61154,,19,Production Technician I,MA,,,F,Married,US Citizen,,1/10/2011,2/10/2011,unhappy,Voluntarily Terminated,Production       ,Elijiah Gray,16,CareerBuilder,Fully Meets,4,4,0,2/3/2016,0,4
10244,,,,,,3,,68999,,21,Sales Manager,PA,,,F,Single,US Citizen,,11/7/2011,12/7/2011,maternity leave - did not return,Voluntarily Terminated,Sales,Debra Houlihan,15,Google Search,Fully Meets,4.5,5,0,3/30/2013,0,2
10192,,,,,,3,,50482,,19,Production Technician I,MA,,,M ,Single,US Citizen,,9/30/2013,9/30/2014,N/A-StillEmployed,Active,Production       ,Michael Albert,22,Indeed,Fully Meets,3.07,4,0,1/23/2019,0,10
10231,,,,,,3,,65310,,3,Area Sales Manager,CO,,,M ,Single,US Citizen,,8/19/2013,8/19/2014,N/A-StillEmployed,Active,Sales,Lynn Daneault,21,Indeed,Fully Meets,4.3,5,0,1/22/2019,0,13
10089,,,,,,3,,250000,,16,President & CEO,MA,,,F,Married,US Citizen,,7/2/2012,8/2/2012,N/A-StillEmployed,Active,Executive Office,Board of Directors,9,Indeed,Fully Meets,4.83,3,0,1/17/2019,0,10
10166,,,,,,3,,54005,,19,Production Technician I,MA,,,F,Married,US Citizen,,9/26/2011,9/26/2012,more money,Voluntarily Terminated,Production       ,Webster Butler,39,Google Search,Fully Meets,3.6,5,0,3/1/2015,0,16
10170,,,,,,3,,45433,,19,Production Technician I,MA,,,F,Married,US Citizen,,9/26/2011,9/26/2012,more money,Voluntarily Terminated,Production       ,Amy Dunn,11,Google Search,Fully Meets,3.49,4,0,1/30/2013,0,6
10208,,,,,,3,,46654,,19,Production Technician I,MA,,,M ,Single,US Citizen,,2/17/2014,2/17/2015,N/A-StillEmployed,Active,Production       ,Ketsia Liebig,19,LinkedIn,Fully Meets,3.1,3,0,2/6/2019,0,3
10176,,,,,,3,,63973,,19,Production Technician I,MA,,,M ,Married,US Citizen,,1/10/2011,2/10/2011,N/A-StillEmployed,Active,Production       ,Brannon Miller,12,Indeed,Fully Meets,3.38,3,0,1/21/2019,0,17
10165,,,,,,3,,71339,,3,Area Sales Manager,NY,,,M ,Single,US Citizen,,3/7/2011,4/7/2011,N/A-StillEmployed,Active,Sales,John Smith,17,Diversity Job Fair,Fully Meets,3.65,5,0,1/17/2019,0,20
10113,,,,,,3,,93206,,28,Sr. Network Engineer,MA,,,M ,Married,US Citizen,,11/10/2014,12/10/2014,N/A-StillEmployed,Active,IT/IS,Peter Monroe,7,Employee Referral,Fully Meets,4.46,5,6,1/7/2019,0,7
10092,,,,,,3,,82758,,18,Production Manager,MA,,,M ,Married,US Citizen,,1/10/2011,2/10/2011,attendance,Terminated for Cause,Production       ,Janet King,2,Employee Referral,Fully Meets,4.78,4,0,2/15/2015,0,9
10106,,,,,,3,,66074,,20,Production Technician II,MA,,,F,Divorced,US Citizen,,1/7/2013,2/7/2013,Another position,Voluntarily Terminated,Production       ,David Stanley,14,Indeed,Fully Meets,4.52,3,0,2/20/2014,0,20
10052,,,,,,3,,46120,,19,Production Technician I,MA,,,M ,Married,US Citizen,,7/9/2012,8/9/2012,N/A-StillEmployed,Active,Production       ,David Stanley,14,LinkedIn,Fully Meets,5,5,0,2/4/2019,0,13
10038,,,,,,3,,64520,,1,Accountant I,MA,,,M ,Divorced,US Citizen,,1/6/2014,2/6/2014,N/A-StillEmployed,Active,Admin Offices,Brandon R. LeBlanc,1,Website,Fully Meets,5,4,4,1/17/2019,0,3
10249,,,,,,3,,61962,,20,Production Technician II,MA,,,M ,Married,US Citizen,,4/2/2012,5/2/2012,more money,Voluntarily Terminated,Production       ,Kissy Sullivan,20,Google Search,Fully Meets,4.9,3,0,2/20/2013,0,20
10232,,,,,,3,,81584,,22,Senior BI Developer,MA,,,F,Single,US Citizen,,10/2/2016,11/2/2016,N/A-StillEmployed,Active,IT/IS,Brian Champaigne,13,Indeed,Fully Meets,4.1,5,7,1/8/2019,0,2
10087,,,,,,3,,63676,,19,Production Technician I,MA,,,F,Single,US Citizen,,9/26/2011,9/26/2012,return to school,Voluntarily Terminated,Production       ,Kissy Sullivan,20,CareerBuilder,Fully Meets,4.88,3,0,7/2/2017,0,17
10134,,,,,,3,,93046,,23,Shared Services Manager,MA,,,M ,Married,US Citizen,,1/5/2016,2/5/2016,N/A-StillEmployed,Active,Admin Offices,Janet King,2,CareerBuilder,Fully Meets,4.1,4,0,1/28/2019,0,20
10251,,,,,,3,,64738,,19,Production Technician I,MA,,,M ,Married,US Citizen,,5/14/2012,5/14/2013,N/A-StillEmployed,Active,Production       ,Elijiah Gray,16,Google Search,Fully Meets,4.1,3,0,2/22/2019,0,10
10103,,,,,,3,,70468,,3,Area Sales Manager,UT,,,M ,Separated,US Citizen,,4/30/2012,4/30/2013,N/A-StillEmployed,Active,Sales,John Smith,17,Website,Fully Meets,4.53,3,0,1/29/2019,0,16
10017,,,,,,4,,77915,,18,Production Manager,MA,,,F,Married,US Citizen,,9/30/2013,9/30/2014,N/A-StillEmployed,Active,Production       ,Janet King,2,Website,Exceeds,4.1,3,0,1/21/2019,0,11
10186,,,,,,3,,52624,,19,Production Technician I,MA,,,F,Married,US Citizen,,7/5/2011,8/5/2011,unhappy,Voluntarily Terminated,Production       ,Michael Albert,22,Indeed,Fully Meets,3.18,4,0,3/2/2018,0,16
10137,,,,,,3,,63450,,20,Production Technician II,MA,,,M ,Married,US Citizen,,7/8/2013,8/8/2013,N/A-StillEmployed,Active,Production       ,Kelley Spirea,18,LinkedIn,Fully Meets,4,3,0,2/18/2019,0,7
10008,,,,,,4,,51777,,14,IT Support,CT,,,F,Single,US Citizen,,1/21/2011,1/21/2012,N/A-StillEmployed,Active,IT/IS,Eric Dougall,6,Diversity Job Fair,Exceeds,4.64,4,5,1/25/2019,0,14
10096,,,,,,3,,67237,,20,Production Technician II,MA,,,F,Widowed,US Citizen,,7/8/2013,8/8/2013,more money,Voluntarily Terminated,Production       ,Michael Albert,22,LinkedIn,Fully Meets,4.65,4,0,6/10/2016,0,15
10035,,,,,,4,,73330,,20,Production Technician II,MA,,,F,Single,US Citizen,,8/19/2013,8/19/2014,N/A-StillEmployed,Active,Production       ,Elijiah Gray,16,Indeed,Exceeds,4.2,4,0,2/12/2019,0,19
10057,,,,,,3,,52057,,19,Production Technician I,MA,,,F,Married,US Citizen,,2/16/2015,2/16/2016,N/A-StillEmployed,Active,Production       ,Elijiah Gray,16,Website,Fully Meets,5,3,0,1/23/2019,0,6
10004,,,,,,4,,47434,,19,Production Technician I,MA,,,F,Single,US Citizen,,11/7/2011,12/7/2011,Another position,Voluntarily Terminated,Production       ,Webster Butler,39,Diversity Job Fair,Exceeds,5,4,0,2/2/2015,0,17
10191,,,,,,3,,52788,,19,Production Technician I,MA,,,M ,Widowed,US Citizen,,9/24/2012,9/24/2013,hours,Voluntarily Terminated,Production       ,Amy Dunn,11,Indeed,Fully Meets,3.08,4,0,4/1/2017,0,18
10219,,,,,,3,,45395,,19,Production Technician I,MA,,,F,Single,US Citizen,,1/6/2014,2/6/2014,N/A-StillEmployed,Active,Production       ,Ketsia Liebig,19,LinkedIn,Fully Meets,4.6,4,0,2/26/2019,0,14
10077,,,,,,3,,62385,,20,Production Technician II,MA,,,F,Married,US Citizen,,5/11/2016,6/11/2016,N/A-StillEmployed,Active,Production       ,Webster Butler,,LinkedIn,Fully Meets,5,3,0,1/21/2019,0,4
10073,,,,,,3,,68407,,20,Production Technician II,MA,,,F,Married,US Citizen,,7/5/2011,8/5/2011,Another position,Voluntarily Terminated,Production       ,Amy Dunn,11,LinkedIn,Fully Meets,5,4,0,7/2/2012,0,16
10279,,,,,,3,,61349,,19,Production Technician I,MA,,,F,Married,US Citizen,,11/11/2013,12/11/2013,N/A-StillEmployed,Active,Production       ,Brannon Miller,12,LinkedIn,Fully Meets,4.1,3,0,1/22/2019,0,11
10110,,,,,,3,,105688,,24,Software Engineer,MA,,,F,Single,US Citizen,,11/11/2013,12/11/2013,N/A-StillEmployed,Active,Software Engineering,Alex Sweetwater,10,Google Search,Fully Meets,4.5,5,4,1/14/2019,0,14
10053,,,,,,3,,54132,,19,Production Technician I,MA,,,F,Married,US Citizen,,5/31/2011,5/31/2012,N/A-StillEmployed,Active,Production       ,David Stanley,14,Indeed,Fully Meets,5,4,0,1/10/2019,0,8
10076,,,,,,3,,55315,,20,Production Technician II,MA,,,F,Single,US Citizen,,3/30/2015,3/30/2016,N/A-StillEmployed,Active,Production       ,Ketsia Liebig,19,LinkedIn,Fully Meets,5,5,0,2/7/2019,0,16
10145,,,,,,3,,62810,,19,Production Technician I,MA,,,F,Married,US Citizen,,1/7/2013,2/7/2013,N/A-StillEmployed,Active,Production       ,Kissy Sullivan,20,CareerBuilder,Fully Meets,3.93,3,0,1/30/2019,0,20
10202,,,,,,3,,63291,,3,Area Sales Manager,TX,,,M ,Married,US Citizen,,7/6/2016,8/6/2016,N/A-StillEmployed,Active,Sales,Lynn Daneault,21,Website,Fully Meets,3.4,4,0,1/29/2019,0,7
10128,,,,,,3,,62659,,19,Production Technician I,MA,,,F,Single,US Citizen,,4/2/2012,5/2/2012,Another position,Voluntarily Terminated,Production       ,Kelley Spirea,18,Diversity Job Fair,Fully Meets,4.18,4,0,2/5/2016,0,17
10068,,,,,,3,,55688,,19,Production Technician I,MA,,,F,Single,US Citizen,,3/30/2015,3/30/2016,N/A-StillEmployed,Active,Production       ,Michael Albert,22,CareerBuilder,Fully Meets,5,4,0,1/21/2019,0,10
10116,,,,,,3,,83667,,18,Production Manager,MA,,,M ,Single,US Citizen,,8/16/2012,8/16/2013,N/A-StillEmployed,Active,Production       ,Janet King,2,Indeed,Fully Meets,4.37,3,0,1/14/2019,0,2
10298,,,,,,1,,55800,,20,Production Technician II,MA,,,M ,Single,US Citizen,,8/15/2011,8/15/2012,unhappy,Voluntarily Terminated,Production       ,Brannon Miller,12,LinkedIn,PIP,3,2,0,1/14/2013,6,6
10213,,,,,,3,,58207,,20,Production Technician II,MA,,,M ,Married,US Citizen,,11/7/2011,12/7/2011,N/A-StillEmployed,Active,Production       ,David Stanley,14,LinkedIn,Fully Meets,3.7,3,0,1/8/2019,0,14
10288,,,,,,2,,157000,,13,IT Manager - Infra,MA,,,M ,Married,Eligible NonCitizen,,2/15/2012,2/15/2013,N/A-StillEmployed,Active,IT/IS,Jennifer Zamora,5,Diversity Job Fair,Needs Improvement,2.39,3,6,2/22/2019,4,13
10025,,,,,,4,,72460,,20,Production Technician II,MA,,,F,Single,US Citizen,,5/13/2013,5/13/2014,N/A-StillEmployed,Active,Production       ,Kissy Sullivan,20,Indeed,Exceeds,4.7,3,0,1/14/2019,0,1
10223,,,,,,3,,72106,,20,Production Technician II,MA,,,M ,Single,US Citizen,,1/9/2012,2/9/2012,N/A-StillEmployed,Active,Production       ,Kelley Spirea,18,Diversity Job Fair,Fully Meets,4.1,4,0,1/31/2019,0,12
10151,,,,,,3,,52599,,15,Network Engineer,MA,,,F,Married,US Citizen,,2/16/2015,2/16/2016,N/A-StillEmployed,Active,IT/IS,Peter Monroe,7,CareerBuilder,Fully Meets,3.81,3,6,2/11/2019,0,6
10254,,,,,,3,,63430,,19,Production Technician I,MA,,,F,Divorced,US Citizen,,4/1/2013,5/1/2013,N/A-StillEmployed,Active,Production       ,Elijiah Gray,16,LinkedIn,Fully Meets,4.4,4,0,1/17/2019,0,18
10120,,,,,,3,,74417,,20,Production Technician II,MA,,,M ,Separated,US Citizen,,5/13/2013,5/13/2014,N/A-StillEmployed,Active,Production       ,Michael Albert,22,LinkedIn,Fully Meets,4.29,5,0,1/28/2019,0,11
10216,,,,,,3,,57575,,19,Production Technician I,MA,,,M ,Single,US Citizen,,7/8/2013,8/8/2013,N/A-StillEmployed,Active,Production       ,Kissy Sullivan,20,LinkedIn,Fully Meets,4.1,4,0,1/22/2019,0,13
10079,,,,,,3,,87921,,22,Senior BI Developer,MA,,,M ,Single,US Citizen,,2/10/2017,3/10/2017,N/A-StillEmployed,Active,IT/IS,Brian Champaigne,13,Indeed,Fully Meets,5,3,6,2/25/2019,0,17
10215,,,,,,3,,50470,,19,Production Technician I,MA,,,M ,Single,US Citizen,,9/26/2011,9/26/2012,return to school,Voluntarily Terminated,Production       ,Webster Butler,39,Diversity Job Fair,Fully Meets,4.3,3,0,3/2/2013,0,19
10185,,,,,,3,,46664,,19,Production Technician I,MA,,,M ,Married,US Citizen,,4/1/2013,5/1/2013,more money,Voluntarily Terminated,Production       ,Amy Dunn,11,Employee Referral,Fully Meets,3.18,3,0,3/6/2016,0,10
10063,,,,,,3,,48495,,19,Production Technician I,MA,,,M ,Married,US Citizen,,5/12/2014,6/12/2014,N/A-StillEmployed,Active,Production       ,Ketsia Liebig,19,LinkedIn,Fully Meets,5,5,0,2/18/2019,0,11
10037,,,,,,4,,52984,,19,Production Technician I,MA,,,F,Separated,US Citizen,,4/1/2013,5/1/2013,N/A-StillEmployed,Active,Production       ,Brannon Miller,12,Diversity Job Fair,Exceeds,4,3,0,2/13/2019,0,12
10042,,,,,,3,,63695,,3,Area Sales Manager,GA,,,F,Single,US Citizen,,7/8/2013,8/8/2013,N/A-StillEmployed,Active,Sales,Lynn Daneault,21,Indeed,Fully Meets,5,5,0,1/25/2019,0,2
10206,,,,,,3,,62061,,19,Production Technician I,MA,,,F,Single,US Citizen,,7/8/2013,8/8/2013,N/A-StillEmployed,Active,Production       ,David Stanley,14,LinkedIn,Fully Meets,3.6,5,0,1/2/2019,0,4
10104,,,,,,3,,66738,,20,Production Technician II,MA,,,F,Single,US Citizen,,11/10/2014,12/10/2014,N/A-StillEmployed,Active,Production       ,Elijiah Gray,16,Indeed,Fully Meets,4.53,5,0,1/16/2019,0,5
10303,,,,,,1,,52674,,19,Production Technician I,MA,,,F,Single,US Citizen,,3/31/2014,3/31/2015,performance,Terminated for Cause,Production       ,Kissy Sullivan,20,LinkedIn,PIP,2.33,2,0,3/9/2018,6,3
10078,,,,,,3,,71966,,20,Production Technician II,MA,,,F,Married,US Citizen,,5/14/2012,5/14/2013,unhappy,Voluntarily Terminated,Production       ,Webster Butler,39,LinkedIn,Fully Meets,5,3,0,7/2/2013,0,17
10121,,,,,,3,,63051,,3,Area Sales Manager,FL,,,F,Single,US Citizen,,9/30/2013,9/30/2014,N/A-StillEmployed,Active,Sales,Lynn Daneault,21,Indeed,Fully Meets,4.28,3,0,1/25/2019,0,1
10021,,,,,,4,,47414,,19,Production Technician I,MA,,,M ,Married,US Citizen,,9/30/2013,9/30/2014,N/A-StillEmployed,Active,Production       ,Kelley Spirea,18,LinkedIn,Exceeds,5,3,0,2/7/2019,0,13
10281,,,,,,2,,53060,,19,Production Technician I,MA,,,M ,Single,US Citizen,,2/17/2014,2/17/2015,N/A-StillEmployed,Active,Production       ,Michael Albert,22,LinkedIn,Needs Improvement,4.25,3,0,2/4/2019,4,6
10041,,,,,,3,,68829,,3,Area Sales Manager,NC,,,M ,Single,US Citizen,,1/5/2015,2/5/2015,N/A-StillEmployed,Active,Sales,John Smith,17,Website,Fully Meets,5,5,0,1/14/2019,0,18
10148,,,,,,3,,63515,,19,Production Technician I,MA,,,F,Married,US Citizen,,2/7/2011,3/7/2011,Another position,Voluntarily Terminated,Production       ,Elijiah Gray,16,Google Search,Fully Meets,3.89,4,0,3/4/2013,0,7
10005,,,,,,4,,108987,,24,Software Engineer,MA,,,M ,Single,US Citizen,,11/7/2011,12/7/2011,Another position,Voluntarily Terminated,Software Engineering,Alex Sweetwater,10,Diversity Job Fair,Exceeds,5,5,3,8/16/2015,0,13
10259,,,,,,3,,93093,,9,Data Analyst,MA,,,M ,Married,US Citizen,,12/1/2014,13-01-2014,performance,Voluntarily Terminated,IT/IS,Simon Roup,4,Employee Referral,Fully Meets,4.7,4,5,1/16/2016,0,19
10286,,,,,,2,,53564,,19,Production Technician I,MA,,,M ,Single,US Citizen,,1/10/2011,2/10/2011,career change,Voluntarily Terminated,Production       ,Webster Butler,39,Google Search,Needs Improvement,3.54,5,0,4/6/2017,4,15
10297,,,,,,2,,60270,,20,Production Technician II,MA,,,F,Married,US Citizen,,7/5/2011,8/5/2011,unhappy,Voluntarily Terminated,Production       ,Amy Dunn,11,CareerBuilder,Needs Improvement,2.4,5,0,2/6/2015,5,2
10171,,,,,,3,,45998,,19,Production Technician I,MA,,,F,Single,US Citizen,,5/16/2011,5/16/2012,medical issues,Voluntarily Terminated,Production       ,Amy Dunn,11,LinkedIn,Fully Meets,3.45,4,0,5/13/2014,0,5
10032,,,,,,4,,57954,,20,Production Technician II,MA,,,F,Married,US Citizen,,5/16/2011,5/16/2012,more money,Voluntarily Terminated,Production       ,Ketsia Liebig,19,Indeed,Exceeds,4.2,5,0,1/10/2013,0,12
10130,,,,,,3,,74669,,18,Production Manager,MA,,,F,Married,US Citizen,,10/25/2010,10/25/2011,Another position,Voluntarily Terminated,Production       ,Janet King,2,Indeed,Fully Meets,4.16,5,0,3/5/2015,0,6
10217,,,,,,3,,74226,,20,Production Technician II,MA,,,F,Married,Eligible NonCitizen,,4/2/2012,5/2/2012,N/A-StillEmployed,Active,Production       ,Brannon Miller,12,LinkedIn,Fully Meets,4.3,3,0,1/14/2019,0,14
10016,,,,,,4,,93554,,9,Data Analyst,MA,,,F,Married,US Citizen,,11/10/2014,12/10/2014,N/A-StillEmployed,Active,IT/IS,Simon Roup,4,Employee Referral,Exceeds,4.6,5,7,1/4/2019,0,16
10050,,,,,,3,,64724,,19,Production Technician I,MA,,,M ,Married,US Citizen,,7/5/2011,8/5/2011,more money,Voluntarily Terminated,Production       ,Brannon Miller,12,Google Search,Fully Meets,5,3,0,2/20/2012,0,13
10164,,,,,,3,,47001,,19,Production Technician I,MA,,,M ,Single,US Citizen,,11/5/2007,12/5/2007,N/A-StillEmployed,Active,Production       ,David Stanley,14,Google Search,Fully Meets,3.66,3,0,2/25/2019,0,15
10124,,,,,,3,,61844,,3,Area Sales Manager,KY,,,F,Married,US Citizen,,1/9/2012,2/9/2012,N/A-StillEmployed,Active,Sales,Lynn Daneault,21,Website,Fully Meets,4.2,5,0,2/1/2019,0,9
10187,,,,,,3,,46799,,19,Production Technician I,MA,,,F,Divorced,Eligible NonCitizen,,5/16/2011,5/16/2012,Another position,Voluntarily Terminated,Production       ,Kissy Sullivan,20,Google Search,Fully Meets,3.17,4,0,4/2/2018,0,14
10225,,,,,,3,,59472,,19,Production Technician I,MA,,,M ,Single,US Citizen,,1/6/2014,2/6/2014,N/A-StillEmployed,Active,Production       ,Kelley Spirea,18,Employee Referral,Fully Meets,4.8,3,0,1/7/2019,0,14
10262,,,,,,3,,46430,,19,Production Technician I,MA,,,F,Divorced,US Citizen,,9/24/2012,9/24/2013,unhappy,Voluntarily Terminated,Production       ,Kissy Sullivan,20,Indeed,Fully Meets,4.5,5,0,4/2/2013,0,16
10131,,,,,,3,,83363,,23,Software Engineer,MA,,,M ,Married,Eligible NonCitizen,,2/21/2011,2/21/2012,career change,Voluntarily Terminated,Software Engineering,Janet King,2,Diversity Job Fair,Fully Meets,4.15,4,0,4/19/2014,0,4
10239,,,,,,3,,95920,,4,BI Developer,MA,,,F,Married,US Citizen,,10/2/2016,11/2/2016,N/A-StillEmployed,Active,IT/IS,Brian Champaigne,13,Indeed,Fully Meets,4.4,4,6,2/6/2019,0,10
10152,,,,,,3,,61729,,19,Production Technician I,MA,,,M ,Divorced,US Citizen,,9/26/2011,9/26/2012,more money,Voluntarily Terminated,Production       ,Michael Albert,22,Indeed,Fully Meets,3.8,5,0,2/4/2018,0,19
10140,,,,,,3,,61809,,3,Area Sales Manager,ID,,,M ,Married,US Citizen,,5/12/2014,6/12/2014,N/A-StillEmployed,Active,Sales,John Smith,17,CareerBuilder,Fully Meets,3.98,3,0,1/28/2019,0,4
10058,,,,,,3,,45115,,19,Production Technician I,MA,,,M ,Divorced,US Citizen,,5/16/2011,5/16/2012,retiring,Voluntarily Terminated,Production       ,Elijiah Gray,16,LinkedIn,Fully Meets,5,4,0,3/30/2015,0,11
10011,,,,,,4,,46738,,19,Production Technician I,MA,,,F,Married,US Citizen,,11/28/2011,11/28/2012,N/A-StillEmployed,Active,Production       ,Webster Butler,,Google Search,Exceeds,4.36,5,0,2/11/2019,0,16
10230,,,,,,3,,64971,,20,Production Technician II,MA,,,F,Divorced,Eligible NonCitizen,,9/26/2011,9/26/2012,return to school,Voluntarily Terminated,Production       ,David Stanley,14,Google Search,Fully Meets,4.5,4,0,10/22/2011,0,10
10224,,,,,,3,,55578,,20,Production Technician II,MA,,,M ,Married,US Citizen,,7/5/2011,8/5/2011,Another position,Voluntarily Terminated,Production       ,Kissy Sullivan,20,Indeed,Fully Meets,4.2,5,0,1/6/2012,0,13
10047,,,,,,3,,50428,,19,Production Technician I,MA,,,M ,Married,US Citizen,,1/10/2011,2/10/2011,attendance,Voluntarily Terminated,Production       ,Amy Dunn,11,Indeed,Fully Meets,5,3,0,1/10/2015,0,11
10285,,,,,,2,,61422,,19,Production Technician I,MA,,,F,Married,US Citizen,,1/10/2011,2/10/2011,attendance,Terminated for Cause,Production       ,Ketsia Liebig,19,Indeed,Needs Improvement,3.6,3,0,4/5/2016,4,16
10020,,,,,,4,,63353,,19,Production Technician I,MA,,,M ,Widowed,US Citizen,,7/8/2013,8/8/2013,N/A-StillEmployed,Active,Production       ,Brannon Miller,12,Employee Referral,Exceeds,3.6,5,0,2/11/2019,0,4
10162,,,,,,3,,89883,,9,Data Analyst,MA,,,F,Married,US Citizen,,2/16/2015,2/16/2016,N/A-StillEmployed,Active,IT/IS,Simon Roup,4,Employee Referral,Fully Meets,3.69,5,6,2/14/2019,0,15
10149,,,,,,3,,120000,,29,Principal Data Architect,MA,,,F,Single,US Citizen,,1/5/2015,2/5/2015,Another position,Voluntarily Terminated,IT/IS,Simon Roup,4,LinkedIn,Fully Meets,3.88,3,7,2/13/2018,0,12
10086,,,,,,3,,150290,,7,Data Architect,MA,,,F,Single,US Citizen,,1/7/2017,2/7/2017,N/A-StillEmployed,Active,IT/IS,Brian Champaigne,13,Indeed,Fully Meets,4.94,3,5,2/6/2019,0,17
10054,,,,,,3,,60627,,19,Production Technician I,MA,,,F,Separated,US Citizen,,1/6/2014,2/6/2014,N/A-StillEmployed,Active,Production       ,David Stanley,14,Website,Fully Meets,5,4,0,1/31/2019,0,8
10065,,,,,,3,,53180,,19,Production Technician I,MA,,,M ,Single,US Citizen,,4/4/2011,5/4/2011,Another position,Voluntarily Terminated,Production       ,Kissy Sullivan,20,Google Search,Fully Meets,5,5,0,7/2/2018,0,4
10198,,,,,,3,,140920,,13,IT Manager - DB,MA,,,M ,Single,US Citizen,,1/20/2013,1/20/2014,N/A-StillEmployed,Active,IT/IS,Jennifer Zamora,5,Indeed,Fully Meets,3.6,5,7,2/18/2019,0,13
10222,,,,,,3,,148999,,13,IT Manager - DB,MA,,,M ,Divorced,US Citizen,,1/9/2012,2/9/2012,hours,Voluntarily Terminated,IT/IS,Jennifer Zamora,5,Diversity Job Fair,Fully Meets,4.3,4,6,1/4/2015,0,8
10126,,,,,,3,,86214,,24,Software Engineer,MA,,,F,Married,US Citizen,,11/5/2012,12/5/2012,N/A-StillEmployed,Active,Software Engineering,Alex Sweetwater,10,Indeed,Fully Meets,4.2,3,6,2/13/2019,0,2
10295,,,,,,2,,47750,,19,Production Technician I,MA,,,F,Single,US Citizen,,7/4/2016,8/4/2016,N/A-StillEmployed,Active,Production       ,Kelley Spirea,18,Diversity Job Fair,Needs Improvement,2.6,4,0,2/18/2019,5,4
10260,,,,,,3,,46428,,19,Production Technician I,MA,,,M ,Single,US Citizen,,1/5/2009,2/5/2009,relocation out of area,Voluntarily Terminated,Production       ,Michael Albert,22,Google Search,Fully Meets,4.6,5,0,2/5/2018,0,7
10233,,,,,,3,,57975,,20,Production Technician II,MA,,,M ,Married,US Citizen,,8/30/2010,8/30/2011,N/A-StillEmployed,Active,Production       ,Kelley Spirea,18,CareerBuilder,Fully Meets,4.1,3,0,1/10/2019,0,13
10229,,,,,,3,,88527,,9,Data Analyst ,MA,,,M ,Divorced,US Citizen,,1/5/2015,2/5/2015,hours,Voluntarily Terminated,IT/IS,Simon Roup,4,LinkedIn,Fully Meets,4.2,3,5,4/20/2015,0,2
10169,,,,,,3,,56147,,19,Production Technician I,MA,,,F,Married,US Citizen,,9/29/2014,9/29/2015,N/A-StillEmployed,Active,Production       ,Elijiah Gray,16,LinkedIn,Fully Meets,3.51,3,0,2/18/2019,0,2
10071,,,,,,3,,50923,,19,Production Technician I,MA,,,F,Single,US Citizen,,9/30/2013,9/30/2014,N/A-StillEmployed,Active,Production       ,Webster Butler,,Google Search,Fully Meets,5,5,0,2/6/2019,0,14
10179,,,,,,3,,50750,,15,Network Engineer,MA,,,F,Married,US Citizen,,9/30/2014,9/30/2015,N/A-StillEmployed,Active,IT/IS,Peter Monroe,7,LinkedIn,Fully Meets,3.31,3,6,1/7/2019,0,7
10091,,,,,,3,,52087,,19,Production Technician I,MA,,,F,Married,US Citizen,,8/19/2013,8/19/2014,N/A-StillEmployed,Active,Production       ,Amy Dunn,11,LinkedIn,Fully Meets,4.81,4,0,2/15/2019,0,15
10178,,,,,,3,,87826,,9,Data Analyst,MA,,,M ,Married,US Citizen,,1/5/2015,2/5/2015,N/A-StillEmployed,Active,IT/IS,Simon Roup,4,Employee Referral,Fully Meets,3.32,3,7,1/14/2019,0,16
10039,,,,,,3,,51920,,2,Administrative Assistant,MA,,,F,Single,US Citizen,,5/1/2015,6/1/2015,N/A-StillEmployed,Active,Admin Offices,Brandon R. LeBlanc,1,Website,Fully Meets,5,3,5,1/15/2019,0,2
10095,,,,,,3,,63878,,20,Production Technician II,MA,,,F,Single,US Citizen,,10/26/2009,10/26/2010,maternity leave - did not return,Voluntarily Terminated,Production       ,Michael Albert,22,CareerBuilder,Fully Meets,4.68,4,0,4/2/2015,0,20
10027,,,,,,4,,60656,,20,Production Technician II,MA,,,M ,Single,US Citizen,,9/29/2014,9/29/2015,N/A-StillEmployed,Active,Production       ,Elijiah Gray,16,Indeed,Exceeds,4.3,3,0,1/28/2019,0,4
10291,,,,,,2,,72992,,21,Sales Manager,MA,,,M ,Divorced,US Citizen,,5/18/2014,5/18/2015,N/A-StillEmployed,Active,Sales,Debra Houlihan,15,Diversity Job Fair,Needs Improvement,2.4,4,0,1/16/2019,2,16
10153,,,,,,3,,55000,,2,Administrative Assistant,MA,,,F,Married,US Citizen,,9/26/2011,9/26/2012,career change,Voluntarily Terminated,Admin Offices,Brandon R. LeBlanc,1,Diversity Job Fair,Fully Meets,3.8,4,4,8/15/2013,0,17
10157,,,,,,3,,58939,,19,Production Technician I,MA,,,F,Single,US Citizen,,11/11/2013,12/11/2013,N/A-StillEmployed,Active,Production       ,Ketsia Liebig,19,Employee Referral,Fully Meets,3.73,3,0,1/24/2019,0,16
10119,,,,,,3,,66593,,14,IT Support,MA,,,F,Married,US Citizen,,6/10/2011,7/10/2011,N/A-StillEmployed,Active,IT/IS,Eric Dougall,6,LinkedIn,Fully Meets,4.3,3,5,2/8/2019,0,19
10180,,,,,,3,,87565,,28,Sr. Network Engineer,MA,,,M ,Married,US Citizen,,6/30/2016,6/30/2017,N/A-StillEmployed,Active,IT/IS,Peter Monroe,7,LinkedIn,Fully Meets,3.27,4,5,1/14/2019,0,13
10302,,,,,,1,,64021,,19,Production Technician I,MA,,,F,Married,US Citizen,,2/20/2012,2/20/2013,N/A-StillEmployed,Active,Production       ,Brannon Miller,12,Indeed,PIP,2.4,2,1,2/25/2019,6,20
10090,,,,,,3,,65714,,18,Production Manager,MA,,,F,Married,US Citizen,,10/2/2012,11/2/2012,N/A-StillEmployed,Active,Production       ,Janet King,2,LinkedIn,Fully Meets,4.83,5,0,2/14/2019,0,15
10030,,,,,,4,,62425,,19,Production Technician I,MA,,,F,Divorced,US Citizen,,5/13/2013,5/13/2014,unhappy,Voluntarily Terminated,Production       ,David Stanley,14,LinkedIn,Exceeds,4.1,4,0,3/2/2015,0,16
10278,,,,,,3,,47961,,19,Production Technician I,MA,,,F,Divorced,US Citizen,,1/10/2011,2/10/2011,N/A-StillEmployed,Active,Production       ,Kissy Sullivan,20,Google Search,Fully Meets,4.1,4,0,2/7/2019,0,9
10307,,,,,,1,,58273,,3,Area Sales Manager,NV,,,M ,Married,US Citizen,,5/12/2014,6/12/2014,N/A-StillEmployed,Active,Sales,Lynn Daneault,21,Website,PIP,1.81,2,0,1/17/2019,3,5
10147,,,,,,3,,63003,,1,Accountant I,MA,,,M ,Single,US Citizen,,9/29/2014,9/29/2015,N/A-StillEmployed,Active,Admin Offices,Brandon R. LeBlanc,1,Indeed,Fully Meets,3.9,5,5,1/18/2019,0,9
10266,,,,,,3,,61355,,19,Production Technician I,MA,,,M ,Married,US Citizen,,2/17/2014,2/17/2015,N/A-StillEmployed,Active,Production       ,Kelley Spirea,18,LinkedIn,Fully Meets,4.7,3,0,1/11/2019,0,4
10241,,,,,,3,,60120,,3,Area Sales Manager,MT,,,F,Married,US Citizen,,9/27/2010,9/27/2011,N/A-StillEmployed,Active,Sales,John Smith,17,Indeed,Fully Meets,4.1,4,0,1/31/2019,0,18
10158,,,,,,3,,63682,,18,Production Manager,MA,,,F,Married,US Citizen,,1/8/2009,2/8/2009,N/A-StillEmployed,Active,Production       ,Janet King,2,Indeed,Fully Meets,3.73,4,0,1/24/2019,0,12
10117,,,,,,3,,63025,,19,Production Technician I,MA,,,M ,Married,US Citizen,,1/5/2015,2/5/2015,N/A-StillEmployed,Active,Production       ,Michael Albert,22,Google Search,Fully Meets,4.36,5,0,1/24/2019,0,10
10209,,,,,,3,,59238,,19,Production Technician I,MA,,,F,Single,Eligible NonCitizen,,5/14/2012,5/14/2013,N/A-StillEmployed,Active,Production       ,Elijiah Gray,16,Indeed,Fully Meets,3.4,5,0,1/31/2019,0,13
10024,,,,,,4,,92989,,24,Software Engineer,MA,,,M ,Single,US Citizen,,7/7/2014,8/7/2014,N/A-StillEmployed,Active,Software Engineering,Alex Sweetwater,10,LinkedIn,Exceeds,4.5,5,5,2/18/2019,0,1
10173,,,,,,3,,90100,,4,BI Developer,MA,,,M ,Married,US Citizen,,4/20/2017,4/20/2018,N/A-StillEmployed,Active,IT/IS,Brian Champaigne,13,Indeed,Fully Meets,3.4,3,6,1/2/2019,0,14
10221,,,,,,3,,60754,,19,Production Technician I,MA,,,F,Married,Non-Citizen,,4/27/2009,4/27/2010,Another position,Voluntarily Terminated,Production       ,Webster Butler,39,Diversity Job Fair,Fully Meets,4.5,5,0,2/15/2012,0,11
10146,,,,,,3,,72202,,20,Production Technician II,MA,,,F,Married,US Citizen,,5/16/2011,5/16/2012,Another position,Voluntarily Terminated,Production       ,Elijiah Gray,16,Google Search,Fully Meets,3.93,3,0,4/18/2017,0,3
10161,,,,,,3,,58370,,3,Area Sales Manager,OR,,,F,Single,US Citizen,,9/29/2014,9/29/2015,N/A-StillEmployed,Active,Sales,Lynn Daneault,21,Indeed,Fully Meets,3.69,3,0,1/28/2019,0,18
10141,,,,,,3,,48413,,19,Production Technician I,MA,,,F,Single,US Citizen,,7/5/2011,8/5/2011,return to school,Voluntarily Terminated,Production       ,Amy Dunn,11,Indeed,Fully Meets,3.98,4,0,3/2/2016,0,1
10268,,,,,,3,,67176,,20,Production Technician II,MA,,,M ,Widowed,US Citizen,,6/25/2007,6/25/2008,military,Voluntarily Terminated,Production       ,Webster Butler,39,Other,Fully Meets,4.1,4,0,7/14/2010,0,15
10123,,,,,,3,,56339,,19,Production Technician I,MA,,,F,Divorced,US Citizen,,2/18/2013,2/18/2014,N/A-StillEmployed,Active,Production       ,Brannon Miller,12,Indeed,Fully Meets,4.21,5,0,1/14/2019,0,4
10013,,,,,,4,,64397,,3,Area Sales Manager,ND,,,M ,Separated,US Citizen,,1/9/2006,2/9/2006,N/A-StillEmployed,Active,Sales,Lynn Daneault,21,Indeed,Exceeds,4.1,3,0,1/4/2019,0,6
10287,,,,,,2,,63025,,19,Production Technician I,MA,,,F,Single,US Citizen,,2/17/2014,2/17/2015,N/A-StillEmployed,Active,Production       ,David Stanley,14,LinkedIn,Needs Improvement,2.44,5,0,2/11/2019,4,18
10044,,,,,,3,,75281,,15,Network Engineer,MA,,,M ,Married,US Citizen,,1/5/2015,2/5/2015,medical issues,Voluntarily Terminated,IT/IS,Peter Monroe,7,CareerBuilder,Fully Meets,5,3,5,4/15/2015,0,11
10102,,,,,,3,,100416,,24,Software Engineer,MA,,,M ,Single,Non-Citizen,,2/18/2013,2/18/2014,medical issues,Voluntarily Terminated,Software Engineering,Alex Sweetwater,10,Diversity Job Fair,Fully Meets,4.6,3,4,2/12/2017,0,9
10270,,,,,,3,,74813,,20,Production Technician II,MA,,,F,Single,US Citizen,,1/10/2011,2/10/2011,unhappy,Voluntarily Terminated,Production       ,Amy Dunn,11,LinkedIn,Fully Meets,4.4,3,0,1/5/2014,0,5
10045,,,,,,3,,76029,,15,Network Engineer,MA,,,M ,Married,Eligible NonCitizen,,3/30/2015,3/30/2016,N/A-StillEmployed,Active,IT/IS,Peter Monroe,7,Employee Referral,Fully Meets,5,4,7,1/14/2019,0,8
10205,,,,,,3,,57859,,3,Area Sales Manager,AZ,,,F,Married,US Citizen,,7/5/2011,8/5/2011,N/A-StillEmployed,Active,Sales,John Smith,17,Indeed,Fully Meets,2.81,3,0,1/17/2019,0,16
10014,,,,,,4,,58523,,19,Production Technician I,MA,,,M ,Divorced,US Citizen,,8/13/2012,8/13/2013,maternity leave - did not return,Voluntarily Terminated,Production       ,Kissy Sullivan,20,LinkedIn,Exceeds,4.5,5,0,2/1/2016,0,15
10144,,,,,,3,,88976,,17,Production Manager,MA,,,M ,Divorced,US Citizen,,8/1/2011,9/1/2011,N/A-StillEmployed,Active,Production       ,Janet King,2,Employee Referral,Fully Meets,3.93,3,0,2/27/2019,0,19
10253,,,,,,3,,55875,,3,Area Sales Manager,ME,,,M ,Single,US Citizen,,3/5/2012,4/5/2012,N/A-StillEmployed,Active,Sales,John Smith,17,Website,Fully Meets,4.5,4,0,1/18/2019,0,11
10118,,,,,,3,,113999,,8,Database Administrator,MA,,,M ,Married,US Citizen,,2/16/2015,2/16/2016,"no-call, no-show",Terminated for Cause,IT/IS,Simon Roup,4,Employee Referral,Fully Meets,4.33,3,7,2/15/2017,0,9
10022,,,,,,4,,49773,,19,Production Technician I,MA,,,F,Married,US Citizen,,9/26/2011,9/26/2012,gross misconduct,Terminated for Cause,Production       ,Kelley Spirea,18,Google Search,Exceeds,4.3,5,0,2/1/2015,0,18
10183,,,,,,3,,62068,,19,Production Technician I,MA,,,F,Single,US Citizen,,7/5/2015,8/5/2015,N/A-StillEmployed,Active,Production       ,Michael Albert,22,LinkedIn,Fully Meets,3.21,3,0,1/29/2019,0,7
10190,,,,,,3,,66541,,20,Production Technician II,MA,,,M ,Single,US Citizen,,8/18/2014,8/18/2015,N/A-StillEmployed,Active,Production       ,Ketsia Liebig,19,Employee Referral,Fully Meets,3.11,5,0,2/12/2019,0,4
10274,,,,,,3,,80512,,18,Production Manager,MA,,,F,Married,US Citizen,,9/26/2011,9/26/2012,Another position,Voluntarily Terminated,Production       ,Janet King,2,Diversity Job Fair,Fully Meets,4.5,3,0,1/2/2012,0,5
10293,,,,,,2,,50274,,19,Production Technician I,MA,,,F,Single,US Citizen,,8/13/2012,8/13/2013,career change,Voluntarily Terminated,Production       ,Elijiah Gray,16,CareerBuilder,Needs Improvement,2.5,3,0,9/5/2014,6,13
10172,,,,,,3,,84903,,22,Senior BI Developer,MA,,,M ,Single,US Citizen,,2/15/2017,2/15/2018,N/A-StillEmployed,Active,IT/IS,Brian Champaigne,13,Indeed,Fully Meets,3.42,4,7,1/4/2019,0,17
10127,,,,,,3,,107226,,28,Sr. Network Engineer,MA,,,F,Widowed,US Citizen,,3/30/2015,3/30/2016,N/A-StillEmployed,Active,IT/IS,Peter Monroe,7,Employee Referral,Fully Meets,4.2,4,8,2/5/2019,0,7
10072,,,,,,3,,58371,,19,Production Technician I,MA,,,M ,Single,US Citizen,,1/10/2011,2/10/2011,hours,Voluntarily Terminated,Production       ,Webster Butler,39,LinkedIn,Fully Meets,5,5,0,5/15/2014,0,11
10048,,,,,,3,,55140,,19,Production Technician I,MA,,,M ,Married,Eligible NonCitizen,,5/16/2011,5/16/2012,unhappy,Voluntarily Terminated,Production       ,Amy Dunn,11,Website,Fully Meets,5,3,0,2/15/2015,0,7
10204,,,,,,3,,58062,,19,Production Technician I,MA,,,F,Divorced,US Citizen,,1/10/2011,2/10/2011,Another position,Voluntarily Terminated,Production       ,Ketsia Liebig,19,Google Search,Fully Meets,3.6,5,0,2/6/2011,0,9
10264,,,,,,3,,59728,,19,Production Technician I,MA,,,F,Single,US Citizen,,1/9/2012,2/9/2012,relocation out of area,Voluntarily Terminated,Production       ,Ketsia Liebig,19,Diversity Job Fair,Fully Meets,4.3,4,0,6/2/2014,0,16
10033,,,,,,4,,70507,,20,Production Technician II,MA,,,M ,Single,US Citizen,,1/7/2013,2/7/2013,retiring,Voluntarily Terminated,Production       ,Brannon Miller,12,LinkedIn,Exceeds,5,3,0,1/19/2016,0,7
10174,,,,,,3,,60446,,20,Production Technician II,MA,,,F,Single,US Citizen,,9/29/2014,9/29/2015,N/A-StillEmployed,Active,Production       ,David Stanley,14,LinkedIn,Fully Meets,3.4,4,0,2/21/2019,0,14
10135,,,,,,3,,65893,,20,Production Technician II,MA,,,M ,Single,US Citizen,,7/7/2014,8/7/2014,N/A-StillEmployed,Active,Production       ,Kissy Sullivan,20,LinkedIn,Fully Meets,4.07,4,0,2/28/2019,0,13
10301,,,,,,1,,48513,,19,Production Technician I,MA,,,F,Single,US Citizen,,9/2/2008,10/2/2008,Another position,Voluntarily Terminated,Production       ,Brannon Miller,12,Google Search,PIP,3.2,2,0,9/2/2015,5,4
10010,,,,,,4,,220450,,6,CIO,MA,,,F,Single,US Citizen,,4/10/2010,5/10/2010,N/A-StillEmployed,Active,IT/IS,Janet King,2,Employee Referral,Exceeds,4.6,5,6,2/21/2019,0,16
10043,,,,,,3,,89292,,9,Data Analyst,MA,,,F,Single,US Citizen,,3/30/2015,3/30/2016,N/A-StillEmployed,Active,IT/IS,Simon Roup,4,Employee Referral,Fully Meets,5,3,5,2/1/2019,0,11
10271,,,,,,3,,45046,,19,Production Technician I,MA,,,F,Widowed,US Citizen,,9/29/2014,9/29/2015,N/A-StillEmployed,Active,Production       ,David Stanley,14,LinkedIn,Fully Meets,4.5,5,0,1/30/2019,0,2
